{
    "IfcActuator": [
        "IFCACTUATORTYPE"
    ],
    "IfcAirTerminal": [
        "IFCAIRTERMINALTYPE"
    ],
    "IfcAirTerminalBox": [
        "IFCAIRTERMINALBOXTYPE"
    ],
    "IfcAirToAirHeatRecovery": [
        "IFCAIRTOAIRHEATRECOVERYTYPE"
    ],
    "IfcAlarm": [
        "IFCALARMTYPE"
    ],
    "IfcAudioVisualAppliance": [
        "IFCAUDIOVISUALAPPLIANCETYPE"
    ],
    "IfcBeam": [
        "IFCBEAMTYPE"
    ],
    "IfcBoiler": [
        "IFCBOILERTYPE"
    ],
    "IfcBuildingElementPart": [
        "IFCBUILDINGELEMENTPARTTYPE"
    ],
    "IfcBuildingElementProxy": [
        "IFCBUILDINGELEMENTPROXYTYPE"
    ],
    "IfcBurner": [
        "IFCBURNERTYPE"
    ],
    "IfcCableCarrierFitting": [
        "IFCCABLECARRIERFITTINGTYPE"
    ],
    "IfcCableCarrierSegment": [
        "IFCCABLECARRIERSEGMENTTYPE"
    ],
    "IfcCableFitting": [
        "IFCCABLEFITTINGTYPE"
    ],
    "IfcCableSegment": [
        "IFCCABLESEGMENTTYPE"
    ],
    "IfcChiller": [
        "IFCCHILLERTYPE"
    ],
    "IfcChimney": [
        "IFCCHIMNEYTYPE"
    ],
    "IfcCoil": [
        "IFCCOILTYPE"
    ],
    "IfcColumn": [
        "IFCCOLUMNTYPE"
    ],
    "IfcCommunicationsAppliance": [
        "IFCCOMMUNICATIONSAPPLIANCETYPE"
    ],
    "IfcCompressor": [
        "IFCCOMPRESSORTYPE"
    ],
    "IfcCondenser": [
        "IFCCONDENSERTYPE"
    ],
    "IfcController": [
        "IFCCONTROLLERTYPE"
    ],
    "IfcCooledBeam": [
        "IFCCOOLEDBEAMTYPE"
    ],
    "IfcCoolingTower": [
        "IFCCOOLINGTOWERTYPE"
    ],
    "IfcCovering": [
        "IFCCOVERINGTYPE"
    ],
    "IfcCurtainWall": [
        "IFCCURTAINWALLTYPE"
    ],
    "IfcDamper": [
        "IFCDAMPERTYPE"
    ],
    "IfcDiscreteAccessory": [
        "IFCDISCRETEACCESSORYTYPE"
    ],
    "IfcDistributionChamberElement": [
        "IFCDISTRIBUTIONCHAMBERELEMENTTYPE"
    ],
    "IfcDuctFitting": [
        "IFCDUCTFITTINGTYPE"
    ],
    "IfcDuctSegment": [
        "IFCDUCTSEGMENTTYPE"
    ],
    "IfcDuctSilencer": [
        "IFCDUCTSILENCERTYPE"
    ],
    "IfcElectricAppliance": [
        "IFCELECTRICAPPLIANCETYPE"
    ],
    "IfcElectricDistributionBoard": [
        "IFCELECTRICDISTRIBUTIONBOARDTYPE"
    ],
    "IfcElectricFlowStorageDevice": [
        "IFCELECTRICFLOWSTORAGEDEVICETYPE"
    ],
    "IfcElectricGenerator": [
        "IFCELECTRICGENERATORTYPE"
    ],
    "IfcElectricMotor": [
        "IFCELECTRICMOTORTYPE"
    ],
    "IfcElectricTimeControl": [
        "IFCELECTRICTIMECONTROLTYPE"
    ],
    "IfcElementAssembly": [
        "IFCELEMENTASSEMBLYTYPE"
    ],
    "IfcEngine": [
        "IFCENGINETYPE"
    ],
    "IfcEvaporativeCooler": [
        "IFCEVAPORATIVECOOLERTYPE"
    ],
    "IfcEvaporator": [
        "IFCEVAPORATORTYPE"
    ],
    "IfcFan": [
        "IFCFANTYPE"
    ],
    "IfcFastener": [
        "IFCFASTENERTYPE"
    ],
    "IfcFilter": [
        "IFCFILTERTYPE"
    ],
    "IfcFireSuppressionTerminal": [
        "IFCFIRESUPPRESSIONTERMINALTYPE"
    ],
    "IfcFlowInstrument": [
        "IFCFLOWINSTRUMENTTYPE"
    ],
    "IfcFlowMeter": [
        "IFCFLOWMETERTYPE"
    ],
    "IfcFooting": [
        "IFCFOOTINGTYPE"
    ],
    "IfcFurniture": [
        "IFCFURNITURETYPE"
    ],
    "IfcGeographicElement": [
        "IFCGEOGRAPHICELEMENTTYPE"
    ],
    "IfcHeatExchanger": [
        "IFCHEATEXCHANGERTYPE"
    ],
    "IfcHumidifier": [
        "IFCHUMIDIFIERTYPE"
    ],
    "IfcInterceptor": [
        "IFCINTERCEPTORTYPE"
    ],
    "IfcJunctionBox": [
        "IFCJUNCTIONBOXTYPE"
    ],
    "IfcLamp": [
        "IFCLAMPTYPE"
    ],
    "IfcLightFixture": [
        "IFCLIGHTFIXTURETYPE"
    ],
    "IfcMechanicalFastener": [
        "IFCMECHANICALFASTENERTYPE"
    ],
    "IfcMedicalDevice": [
        "IFCMEDICALDEVICETYPE"
    ],
    "IfcMember": [
        "IFCMEMBERTYPE"
    ],
    "IfcMotorConnection": [
        "IFCMOTORCONNECTIONTYPE"
    ],
    "IfcOutlet": [
        "IFCOUTLETTYPE"
    ],
    "IfcPile": [
        "IFCPILETYPE"
    ],
    "IfcPipeFitting": [
        "IFCPIPEFITTINGTYPE"
    ],
    "IfcPipeSegment": [
        "IFCPIPESEGMENTTYPE"
    ],
    "IfcPlate": [
        "IFCPLATETYPE"
    ],
    "IfcProtectiveDevice": [
        "IFCPROTECTIVEDEVICETYPE"
    ],
    "IfcProtectiveDeviceTrippingUnit": [
        "IFCPROTECTIVEDEVICETRIPPINGUNITTYPE"
    ],
    "IfcPump": [
        "IFCPUMPTYPE"
    ],
    "IfcRailing": [
        "IFCRAILINGTYPE"
    ],
    "IfcRamp": [
        "IFCRAMPTYPE"
    ],
    "IfcRampFlight": [
        "IFCRAMPFLIGHTTYPE"
    ],
    "IfcReinforcingBar": [
        "IFCREINFORCINGBARTYPE"
    ],
    "IfcReinforcingMesh": [
        "IFCREINFORCINGMESHTYPE"
    ],
    "IfcRoof": [
        "IFCROOFTYPE"
    ],
    "IfcSanitaryTerminal": [
        "IFCSANITARYTERMINALTYPE"
    ],
    "IfcSensor": [
        "IFCSENSORTYPE"
    ],
    "IfcShadingDevice": [
        "IFCSHADINGDEVICETYPE"
    ],
    "IfcSlab": [
        "IFCSLABTYPE"
    ],
    "IfcSolarDevice": [
        "IFCSOLARDEVICETYPE"
    ],
    "IfcSpace": [
        "IFCSPACETYPE"
    ],
    "IfcSpaceHeater": [
        "IFCSPACEHEATERTYPE"
    ],
    "IfcSpatialZone": [
        "IFCSPATIALZONETYPE"
    ],
    "IfcStackTerminal": [
        "IFCSTACKTERMINALTYPE"
    ],
    "IfcStair": [
        "IFCSTAIRTYPE"
    ],
    "IfcStairFlight": [
        "IFCSTAIRFLIGHTTYPE"
    ],
    "IfcSwitchingDevice": [
        "IFCSWITCHINGDEVICETYPE"
    ],
    "IfcSystemFurnitureElement": [
        "IFCSYSTEMFURNITUREELEMENTTYPE"
    ],
    "IfcTank": [
        "IFCTANKTYPE"
    ],
    "IfcTendon": [
        "IFCTENDONTYPE"
    ],
    "IfcTendonAnchor": [
        "IFCTENDONANCHORTYPE"
    ],
    "IfcTransformer": [
        "IFCTRANFORMERTYPE"
    ],
    "IfcTransportElement": [
        "IFCTRANSPORTELEMENTTYPE"
    ],
    "IfcTubeBundle": [
        "IFCTUBEBUNDLETYPE"
    ],
    "IfcUnitaryControlElement": [
        "IFCUNITARYCONTROLELEMENTTYPE"
    ],
    "IfcUnitaryEquipment": [
        "IFCUNITARYEQUIPMENTTYPE"
    ],
    "IfcValve": [
        "IFCVALVETYPE"
    ],
    "IfcVibrationIsolator": [
        "IFCVIBRATIONISOLATORTYPE"
    ],
    "IfcWall": [
        "IFCWALLTYPE"
    ],
    "IfcWasteTerminal": [
        "IFCWASTETERMINALTYPE"
    ],
    "IfcBeamStandardCase": [
        "IFCBEAMTYPE"
    ],
    "IfcColumnStandardCase": [
        "IFCCOLUMNTYPE"
    ],
    "IfcMemberStandardCase": [
        "IFCMEMBERTYPE"
    ],
    "IfcPlateStandardCase": [
        "IFCPLATETYPE"
    ],
    "IfcSlabElementedCase": [
        "IFCSLABTYPE"
    ],
    "IfcSlabStandardCase": [
        "IFCSLABTYPE"
    ],
    "IfcWallElementedCase": [
        "IFCWALLTYPE"
    ],
    "IfcWallStandardCase": [
        "IFCWALLTYPE"
    ]
}